arts,https://www.youtube.com/channel/UCYwwiIEeYgBr5IfPedBQF1g
arts,https://www.youtube.com/channel/UCsRbgGqAf2Jd5qxXpcvvquQ
food,https://www.youtube.com/channel/UCoB9_3TUvbizVlixTiTvYKw
food,https://www.youtube.com/channel/UCzeeLm_6BDOX-mGOU-LoUTA
food,https://www.youtube.com/channel/UCJFp8uSYCjXOMnkUyb3CQ3Q
travel,https://www.youtube.com/user/ThomsonHols
travel,https://www.youtube.com/playlist?list=PLKfWL8IXgKBvagYDAY8u3fAGYhHnOZbtI
travel,https://www.youtube.com/user/naturalhistorymuseum
crafts,https://www.youtube.com/channel/UC_gcGnN5dwQhpPCsZ5H5-4Q
crafts,https://www.youtube.com/channel/UCzyLNiuVOkVOcMwW7aQIPbA
science,https://www.youtube.com/user/ScienceChannel
science,https://www.youtube.com/channel/UCVLZmDKeT-mV4H3ToYXIFYg
science,https://www.youtube.com/user/techcrunch
,
,
